model,horizon,mae,rmse,wape,smape,bias,n_samples
XGBoost (deep_expressive),t+1,10.8312,41.4002,0.1024,12.0034,-0.1859,21840
Seasonal Naive,t+1,13.7132,57.7396,0.1296,13.0125,0.6228,21840
Ridge (alpha=100.0),t+1,25.2959,54.607,0.2391,31.2423,-0.6853,21840
Moving Average (W=28),t+1,28.2555,58.1049,0.2671,31.0732,0.8449,21840
XGBoost (deep_expressive),t+14,11.1636,36.1844,0.1045,11.5742,-0.6448,21840
Seasonal Naive,t+14,14.0495,53.8854,0.1315,13.4188,-1.0059,21840
Ridge (alpha=1000.0),t+14,14.3299,41.1549,0.1342,21.4095,1.3905,21840
Moving Average (W=28),t+14,28.5933,54.5922,0.2677,31.4792,-0.1666,21840
XGBoost (deep_expressive),t+28,11.4066,36.0793,0.1062,12.1174,0.5175,21840
Seasonal Naive,t+28,14.602,54.28,0.136,14.0377,-1.6036,21840
Ridge (alpha=1000.0),t+28,15.9835,42.1745,0.1488,24.2405,3.2035,21840
Moving Average (W=28),t+28,28.7661,54.6128,0.2678,31.7492,-0.7643,21840
XGBoost (deep_expressive),t+7,10.5004,41.5325,0.0992,10.7479,-0.1185,21840
Ridge (alpha=1000.0),t+7,12.7239,45.8701,0.1202,18.8924,0.4352,21840
Seasonal Naive,t+7,13.333,57.4202,0.1259,12.7533,-0.087,21840
Moving Average (W=28),t+7,28.1619,58.0558,0.266,31.0575,0.7523,21840
